{
  "fire_kde": {
    "Barking And dagenham": 11.863857482100379,
    "Barnet": 5.626538458649651,
    "Bexley": 8.677543282452943,
    "Brent": 8.627644923687152,
    "Bromley": 9.6003930280368,
    "Camden": 22.34789030977562,
    "City Of london": 18.406348504238856,
    "Croydon": 8.727063860375944,
    "Ealing": 8.912464594383698,
    "Enfield": 8.363857098552685,
    "Greenwich": 12.196927700869416,
    "Hackney": 15.885824429222804,
    "Hammersmith And fulham": 12.379013961625482,
    "Haringey": 13.504943692097042,
    "Harrow": 5.317928229176689,
    "Havering": 6.697665855128611,
    "Hillingdon": 7.016991201925212,
    "Hounslow": 10.270914533945424,
    "Islington": 16.584975294743717,
    "Kensington And chelsea": 10.73753176209684,
    "Kingston Upon thames": 7.866021263673424,
    "Lambeth": 12.669124790941545,
    "Lewisham": 8.579831177314365,
    "Merton": 6.809838143824872,
    "Newham": 15.68301637281072,
    "Redbridge": 8.91924109175881,
    "Richmond Upon thames": 4.4744258286339615,
    "Southwark": 17.396269373702857,
    "Sutton": 6.790156123846643,
    "Tower Hamlets": 29.378115712384893,
    "Waltham Forest": 12.718820888627954,
    "Wandsworth": 10.582026018662058,
    "Westminster": 41.51453308108047
  },
  "entry_kde": {
    "Barking And dagenham": 7.887915951422875,
    "Barnet": 7.627126362548488,
    "Bexley": 6.168635101466031,
    "Brent": 11.426415539590534,
    "Bromley": 6.23247604176692,
    "Camden": 27.4723238767634,
    "City Of london": 29.535300988789462,
    "Croydon": 12.198467502312601,
    "Ealing": 9.83421647451971,
    "Enfield": 8.243860257678975,
    "Greenwich": 10.481399367545247,
    "Hackney": 19.83440003781471,
    "Hammersmith And fulham": 15.59438815848079,
    "Haringey": 12.557598335483664,
    "Harrow": 4.809601670599109,
    "Havering": 7.514360447656781,
    "Hillingdon": 5.2036658136534095,
    "Hounslow": 8.171376459114553,
    "Islington": 21.332435405619478,
    "Kensington And chelsea": 18.52148266047537,
    "Kingston Upon thames": 10.352024443063799,
    "Lambeth": 20.97112934331948,
    "Lewisham": 12.905869959698252,
    "Merton": 6.911692158126826,
    "Newham": 14.08644390042107,
    "Redbridge": 8.353612736333654,
    "Richmond Upon thames": 7.010264186063197,
    "Southwark": 20.019677040270917,
    "Sutton": 7.360117171753014,
    "Tower Hamlets": 21.230690887037078,
    "Waltham Forest": 10.496428929957386,
    "Wandsworth": 13.676994205014516,
    "Westminster": 37.21461736568052
  },
  "flood_kde": {
    "Barking And dagenham": 4.841942756306269,
    "Barnet": 6.373379311091364,
    "Bexley": 3.3970529323099337,
    "Brent": 9.093840876890413,
    "Bromley": 4.406767713905539,
    "Camden": 21.801482389471936,
    "City Of london": 31.05735612841046,
    "Croydon": 7.730411301766286,
    "Ealing": 5.9562244213262545,
    "Enfield": 5.732597650023245,
    "Greenwich": 5.384409755955297,
    "Hackney": 13.65303282782892,
    "Hammersmith And fulham": 12.914841393,
    "Haringey": 8.06889606352214,
    "Harrow": 7.055079333983794,
    "Havering": 4.220513759955881,
    "Hillingdon": 3.506247038462901,
    "Hounslow": 4.835798259684307,
    "Islington": 16.665100861432244,
    "Kensington And chelsea": 15.709238727538281,
    "Kingston Upon thames": 5.145434715420148,
    "Lambeth": 13.511538597569727,
    "Lewisham": 10.170436090571817,
    "Merton": 4.955217490009437,
    "Newham": 6.969181986331719,
    "Redbridge": 6.151889248300523,
    "Richmond Upon thames": 5.698364929833255,
    "Southwark": 11.459635822251876,
    "Sutton": 5.170509511374081,
    "Tower Hamlets": 13.930310799432378,
    "Waltham Forest": 5.925813932620371,
    "Wandsworth": 8.199393872539932,
    "Westminster": 43.92506328154496
  },
  "assist_kde": {
    "Barking And dagenham": 4.227933090786761,
    "Barnet": 3.140075122292925,
    "Bexley": 4.412433925246729,
    "Brent": 4.245116797143451,
    "Bromley": 2.988013430913863,
    "Camden": 26.99858688648894,
    "City Of london": 30.64641836927081,
    "Croydon": 9.446917998423915,
    "Ealing": 6.965739860562464,
    "Enfield": 4.787644920131599,
    "Greenwich": 6.80382617259068,
    "Hackney": 14.287429623541662,
    "Hammersmith And fulham": 12.741334986787027,
    "Haringey": 6.848017572950329,
    "Harrow": 2.0075720838180025,
    "Havering": 4.911916846398612,
    "Hillingdon": 3.8786959928645763,
    "Hounslow": 5.756073382003132,
    "Islington": 18.06756930925571,
    "Kensington And chelsea": 12.270664540516396,
    "Kingston Upon thames": 9.107891616378259,
    "Lambeth": 33.37430029374788,
    "Lewisham": 7.53874995217537,
    "Merton": 3.7443735593631713,
    "Newham": 6.364233745360249,
    "Redbridge": 5.102788315506768,
    "Richmond Upon thames": 3.2543947680629484,
    "Southwark": 14.535441377304783,
    "Sutton": 6.9995297832238474,
    "Tower Hamlets": 16.16007255456118,
    "Waltham Forest": 6.5562856812638435,
    "Wandsworth": 8.037558278207245,
    "Westminster": 40.972884079143654
  },
  "ss_kde": {
    "Barking And dagenham": 8.463051097183307,
    "Barnet": 6.972359369425952,
    "Bexley": 5.868038456633277,
    "Brent": 8.439823870044192,
    "Bromley": 7.301691033736657,
    "Camden": 26.685863997028168,
    "City Of london": 35.503537074320036,
    "Croydon": 11.718631714528325,
    "Ealing": 8.817990202135782,
    "Enfield": 8.264808646365895,
    "Greenwich": 9.891063973460605,
    "Hackney": 16.816682642304492,
    "Hammersmith And fulham": 14.352239787419734,
    "Haringey": 11.137148931405596,
    "Harrow": 6.185192846016699,
    "Havering": 6.568955813470529,
    "Hillingdon": 7.24294418679552,
    "Hounslow": 7.673547957926673,
    "Islington": 18.58082270852863,
    "Kensington And chelsea": 18.591867029456075,
    "Kingston Upon thames": 11.19210659946956,
    "Lambeth": 21.18001669472243,
    "Lewisham": 11.0931542206652,
    "Merton": 7.7503505184829065,
    "Newham": 12.10301271574701,
    "Redbridge": 9.864734456215162,
    "Richmond Upon thames": 6.3195991002729714,
    "Southwark": 16.180755949833546,
    "Sutton": 6.898508977381932,
    "Tower Hamlets": 20.369508632091748,
    "Waltham Forest": 8.37484860700639,
    "Wandsworth": 10.682150958205845,
    "Westminster": 42.9568159524333
  }
}